{"precision": 0.9547350532983161, "recall": 0.9276493545481838, "fbeta": 0.9409973353635326}