{"precision": 0.951828724353256, "recall": 0.9050042408821035, "fbeta": 0.9278260869565219}