{"precision": 1.0, "recall": 0.9998420470699731, "fbeta": 0.999921017297212}